Philipine,2015,50840,,50840,,,Philipine
Philipine,2016,41850,,41850,,,Philipine
Philipine,2017,40905,,40905,,,Philipine
Philipine,2018,35050,,35050,,,Philipine
Philipine,2019,27820,,27820,,,Philipine
Philipine,2020,10975,,10975,,,Philipine
Philipine,2021,18020,,18020,,,Philipine
Philipine,2022,22095,,22095,,,Philipine
Philipine,2023,26965,,26965,,,Philipine
Philipine,2024,20645,,20645,,,Philipine
,,,,,,,Philipine
,2015,39340,,39340,,,Philipine
,2016,39710,,39710,,,Philipine
,2017,51590,,51590,,,Philipine
,2018,69985,,69985,,,Philipine
,2019,85590,,85590,,,Philipine
,2020,42875,,42875,,,Philipine
,2021,127945,,127945,,,Philipine
,2022,118250,,118250,,,Philipine
,2023,139785,,139785,,,Philipine
,2024,86855,,86855,,,Philipine
"China, People's Republic of",,,,,,,"China, People's Republic of"
"China, People's Republic of",2015,19460,,19460,,,"China, People's Republic of"
"China, People's Republic of",2016,26785,,26785,,,"China, People's Republic of"
"China, People's Republic of",2017,30250,,30250,,,"China, People's Republic of"
"China, People's Republic of",2018,29710,,29710,,,"China, People's Republic of"
"China, People's Republic of",2019,30245,,30245,,,"China, People's Republic of"
"China, People's Republic of",2020,16525,,16525,,,"China, People's Republic of"
"China, People's Republic of",2021,31010,,31010,,,"China, People's Republic of"
"China, People's Republic of",2022,31845,,31845,,,"China, People's Republic of"
"China, People's Republic of",2023,31780,,31780,,,"China, People's Republic of"
"China, People's Republic of",2024,19055,,19055,,,"China, People's Republic of"
Iran,,,,,,,Iran
Iran,2015,11640,,11640,,,Iran
Iran,2016,6475,,6475,,,Iran
Iran,2017,4730,,4730,,,Iran
Iran,2018,5510,,5510,,,Iran
Iran,2019,6055,,6055,,,Iran
Iran,2020,3815,,3815,,,Iran
Iran,2021,11305,,11305,,,Iran
Iran,2022,11110,,11110,,,Iran
Iran,2023,10680,,10680,,,Iran
Iran,2024,7815,,7815,,,Iran
Pakistan,,,,,,,Pakistan
Pakistan,2015,11300,,11300,,,Pakistan
Pakistan,2016,11350,,11350,,,Pakistan
Pakistan,2017,7655,,7655,,,Pakistan
Pakistan,2018,9490,,9490,,,Pakistan
Pakistan,2019,10795,,10795,,,Pakistan
Pakistan,2020,6230,,6230,,,Pakistan
Pakistan,2021,8480,,8480,,,Pakistan
Pakistan,2022,11600,,11600,,,Pakistan
Pakistan,2023,11860,,11860,,,Pakistan
Pakistan,2024,6735,,6735,,,Pakistan
Syria,,,,,,,Syria
Syria,2015,9850,,9850,,,Syria
Syria,2016,35000,,35000,,,Syria
Syria,2017,12060,,12060,,,Syria
Syria,2018,12045,,12045,,,Syria
Syria,2019,10120,,10120,,,Syria
Syria,2020,4880,,4880,,,Syria
Syria,2021,5590,,5590,,,Syria
Syria,2022,8510,,8510,,,Syria
Syria,2023,9345,,9345,,,Syria
Syria,2024,5055,,5055,,,Syria
United States of America,,,,,,,United States of America
United States of America,2015,7655,,7655,,,United States of America
United States of America,2016,8485,,8485,,,United States of America
United States of America,2017,9140,,9140,,,United States of America
United States of America,2018,10900,,10900,,,United States of America
United States of America,2019,10780,,10780,,,United States of America
United States of America,2020,6380,,6380,,,United States of America
United States of America,2021,11955,,11955,,,United States of America
United States of America,2022,10415,,10415,,,United States of America
United States of America,2023,10640,,10640,,,United States of America
United States of America,2024,5880,,5880,,,United States of America
France,,,,,,,France
France,2015,5850,,5850,,,
France,2016,6390,,6390,,,
France,2017,6625,,6625,,,
France,2018,6175,,6175,,,
France,2019,4960,,4960,,,
France,2020,4605,,4605,,,
France,2021,12690,,12690,,,
France,2022,14150,,14150,,,
France,2023,10075,,10075,,,
France,2024,6085,,6085,,,
United Kingdom and Overseas Territories,,,,,,,United Kingdom and Overseas Territories
United Kingdom and Overseas Territories,2015,5360,,5360,,,
United Kingdom and Overseas Territories,2016,5805,,5805,,,
United Kingdom and Overseas Territories,2017,5310,,5310,,,
United Kingdom and Overseas Territories,2018,5660,,5660,,,
United Kingdom and Overseas Territories,2019,5635,,5635,,,
United Kingdom and Overseas Territories,2020,3410,,3410,,,
United Kingdom and Overseas Territories,2021,6555,,6555,,,
United Kingdom and Overseas Territories,2022,4495,,4495,,,
United Kingdom and Overseas Territories,2023,4990,,4990,,,
United Kingdom and Overseas Territories,2024,2710,,2710,,,
"Korea, Republic of",,,,,,,"Korea, Republic of"
,2015,4105,,4105,,,
,2016,4010,,4010,,,
,2017,3980,,3980,,,
,2018,4800,,4800,,,
,2019,6100,,6100,,,
,2020,3285,,3285,,,
,2021,8240,,8240,,,
,2022,5455,,5455,,,
,2023,5205,,5205,,,
,2024,3050,,3050,,,
Nigeria,,,,,,,Nigeria
,2015,4090,,4090,,,
,2016,4415,,4415,,,
,2017,5445,,5445,,,
,2018,10920,,10920,,,
,2019,12600,,12600,,,
,2020,6360,,6360,,,
,2021,15595,,15595,,,
,2022,22130,,22130,,,
,2023,17465,,17465,,,
,2024,12280,,12280,,,
Iraq,,,,,,,Iraq
,2015,3975,,3975,,,
,2016,2415,,2415,,,
,2017,4740,,4740,,,
,2018,5330,,5330,,,
,2019,4445,,4445,,,
,2020,1950,,1950,,,
,2021,2690,,2690,,,
,2022,3475,,3475,,,
,2023,2335,,2335,,,
,2024,1265,,1265,,,
Egypt,,,,,,,Egypt
,2015,3760,,3760,,,
,2016,3085,,3085,,,
,2017,2865,,2865,,,
,2018,3515,,3515,,,
,2019,3655,,3655,,,
,2020,1905,,1905,,,
,2021,3220,,3220,,,
,2022,2890,,2890,,,
,2023,2515,,2515,,,
,2024,1800,,1800,,,
Jamaica,,,,,,,Jamaica
,2015,3415,,3415,,,
,2016,3560,,3560,,,
,2017,3830,,3830,,,
,2018,3875,,3875,,,
,2019,3980,,3980,,,
,2020,2030,,2030,,,
,2021,4045,,4045,,,
,2022,4245,,4245,,,
,2023,4340,,4340,,,
,2024,2215,,2215,,,
Bangladesh,,,,,,,Bangladesh
,2015,3305,,3305,,,
,2016,3230,,3230,,,
,2017,3190,,3190,,,
,2018,3205,,3205,,,
,2019,3395,,3395,,,
,2020,1620,,1620,,,
,2021,3000,,3000,,,
,2022,4055,,4055,,,
,2023,5020,,5020,,,
,2024,2965,,2965,,,
Mexico,,,,,,,Mexico
,2015,3220,,3220,,,
,2016,3390,,3390,,,
,2017,3135,,3135,,,
,2018,3310,,3310,,,
,2019,3460,,3460,,,
,2020,2430,,2430,,,
,2021,5145,,5145,,,
,2022,5220,,5220,,,
,2023,5735,,5735,,,
,2024,4040,,4040,,,
Algeria,,,,,,,Algeria
,2015,2830,,2830,,,
,2016,2820,,2820,,,
,2017,2635,,2635,,,
,2018,3225,,3225,,,
,2019,3705,,3705,,,
,2020,2720,,2720,,,
,2021,3080,,3080,,,
,2022,6175,,6175,,,
,2023,5245,,5245,,,
,2024,4930,,4930,,,
Haiti,,,,,,,Haiti
,2015,2720,,2720,,,
,2016,2930,,2930,,,
,2017,2345,,2345,,,
,2018,2100,,2100,,,
,2019,1455,,1455,,,
,2020,990,,990,,,
,2021,2870,,2870,,,
,2022,4400,,4400,,,
,2023,3015,,3015,,,
,2024,2040,,2040,,,
Morocco,,,,,,,Morocco
,2015,2705,,2705,,,
,2016,2110,,2110,,,
,2017,2265,,2265,,,
,2018,2780,,2780,,,
,2019,3025,,3025,,,
,2020,2980,,2980,,,
,2021,2950,,2950,,,
,2022,6390,,6390,,,
,2023,6410,,6410,,,
,2024,4695,,4695,,,
Vietnam,,,,,,,Vietnam
,2015,2595,,2595,,,
,2016,2450,,2450,,,
,2017,2505,,2505,,,
,2018,3050,,3050,,,
,2019,4220,,4220,,,
,2020,2610,,2610,,,
,2021,5755,,5755,,,
,2022,5460,,5460,,,
,2023,6605,,6605,,,
,2024,4510,,4510,,,
Ukraine,,,,,,,Ukraine
,2015,2345,,2345,,,
,2016,3350,,3350,,,
,2017,3310,,3310,,,
,2018,3135,,3135,,,
,2019,2995,,2995,,,
,2020,1675,,1675,,,
,2021,3190,,3190,,,
,2022,3575,,3575,,,
,2023,3110,,3110,,,
,2024,4605,,4605,,,
Eritrea,,,,,,,Eritrea
,2015,2210,,2210,,,
,2016,4655,,4655,,,
,2017,4690,,4690,,,
,2018,5695,,5695,,,
,2019,7030,,7030,,,
,2020,2640,,2640,,,
,2021,5375,,5375,,,
,2022,7660,,7660,,,
,2023,10680,,10680,,,
,2024,7845,,7845,,,
Colombia,,,,,,,Colombia
,2015,2180,,2180,,,
,2016,2435,,2435,,,
,2017,2235,,2235,,,
,2018,2270,,2270,,,
,2019,2275,,2275,,,
,2020,1520,,1520,,,
,2021,4055,,4055,,,
,2022,3775,,3775,,,
,2023,4660,,4660,,,
,2024,4485,,4485,,,
Israel,,,,,,,Israel
,2015,2165,,2165,,,
,2016,2445,,2445,,,
,2017,1870,,1870,,,
,2018,1795,,1795,,,
,2019,1315,,1315,,,
,2020,755,,755,,,
,2021,1105,,1105,,,
,2022,885,,885,,,
,2023,980,,980,,,
,2024,530,,530,,,
"Ireland, Republic of",,,,,,,"Ireland, Republic of"
,2015,2150,,2150,,,
,2016,2250,,2250,,,
,2017,1975,,1975,,,
,2018,1775,,1775,,,
,2019,1615,,1615,,,
,2020,1030,,1030,,,
,2021,2685,,2685,,,
,2022,945,,945,,,
,2023,1010,,1010,,,
,2024,545,,545,,,
Russia,,,,,,,Russia
,2015,2125,,2125,,,
,2016,2405,,2405,,,
,2017,2290,,2290,,,
,2018,2145,,2145,,,
,2019,2265,,2265,,,
,2020,1390,,1390,,,
,2021,2005,,2005,,,
,2022,1620,,1620,,,
,2023,1770,,1770,,,
,2024,1235,,1235,,,
Lebanon,,,,,,,Lebanon
,2015,2110,,2110,,,
,2016,1910,,1910,,,
,2017,1365,,1365,,,
,2018,1505,,1505,,,
,2019,1965,,1965,,,
,2020,1280,,1280,,,
,2021,1830,,1830,,,
,2022,4095,,4095,,,
,2023,4555,,4555,,,
,2024,2580,,2580,,,
"Cameroon, Federal Republic of",,,,,,,"Cameroon, Federal Republic of"
,2015,2030,,2030,,,
,2016,2100,,2100,,,
,2017,2285,,2285,,,
,2018,2275,,2275,,,
,2019,2950,,2950,,,
,2020,1595,,1595,,,
,2021,2565,,2565,,,
,2022,6265,,6265,,,
,2023,11685,,11685,,,
,2024,10960,,10960,,,
Sri Lanka,,,,,,,Sri Lanka
,2015,1785,,1785,,,
,2016,1535,,1535,,,
,2017,2150,,2150,,,
,2018,2160,,2160,,,
,2019,2235,,2235,,,
,2020,1340,,1340,,,
,2021,2030,,2030,,,
,2022,2510,,2510,,,
,2023,2710,,2710,,,
,2024,2125,,2125,,,
Brazil,,,,,,,Brazil
,2015,1730,,1730,,,
,2016,1730,,1730,,,
,2017,2760,,2760,,,
,2018,3950,,3950,,,
,2019,5290,,5290,,,
,2020,3695,,3695,,,
,2021,11425,,11425,,,
,2022,7335,,7335,,,
,2023,7225,,7225,,,
,2024,4110,,4110,,,
"Congo, Democratic Republic of the",,,,,,,"Congo, Democratic Republic of the"
,2015,1675,,1675,,,
,2016,2480,,2480,,,
,2017,2355,,2355,,,
,2018,2385,,2385,,,
,2019,2295,,2295,,,
,2020,865,,865,,,
,2021,1820,,1820,,,
,2022,3250,,3250,,,
,2023,5320,,5320,,,
,2024,2225,,2225,,,
Nepal,,,,,,,Nepal
,2015,1525,,1525,,,
,2016,755,,755,,,
,2017,1110,,1110,,,
,2018,1400,,1400,,,
,2019,1410,,1410,,,
,2020,565,,565,,,
,2021,1020,,1020,,,
,2022,1440,,1440,,,
,2023,1760,,1760,,,
,2024,1350,,1350,,,
Australia,,,,,,,Australia
,2015,1470,,1470,,,
,2016,1705,,1705,,,
,2017,1865,,1865,,,
,2018,2175,,2175,,,
,2019,2140,,2140,,,
,2020,1180,,1180,,,
,2021,2080,,2080,,,
,2022,1265,,1265,,,
,2023,1260,,1260,,,
,2024,640,,640,,,
"Ivory Coast, Republic of",,,,,,,"Ivory Coast, Republic of"
,2015,1370,,1370,,,
,2016,1760,,1760,,,
,2017,1405,,1405,,,
,2018,1470,,1470,,,
,2019,1850,,1850,,,
,2020,1195,,1195,,,
,2021,1110,,1110,,,
,2022,2990,,2990,,,
,2023,2585,,2585,,,
,2024,1830,,1830,,,
Ethiopia,,,,,,,Ethiopia
,2015,1355,,1355,,,
,2016,1930,,1930,,,
,2017,1910,,1910,,,
,2018,2025,,2025,,,
,2019,2475,,2475,,,
,2020,1100,,1100,,,
,2021,2150,,2150,,,
,2022,2665,,2665,,,
,2023,3820,,3820,,,
,2024,1975,,1975,,,
Tunisia,,,,,,,Tunisia
,2015,1280,,1280,,,
,2016,1305,,1305,,,
,2017,1430,,1430,,,
,2018,1935,,1935,,,
,2019,1980,,1980,,,
,2020,1435,,1435,,,
,2021,2640,,2640,,,
,2022,4680,,4680,,,
,2023,3470,,3470,,,
,2024,3480,,3480,,,
Germany,,,,,,,Germany
,2015,1275,,1275,,,
,2016,1210,,1210,,,
,2017,1145,,1145,,,
,2018,1280,,1280,,,
,2019,1520,,1520,,,
,2020,785,,785,,,
,2021,1445,,1445,,,
,2022,900,,900,,,
,2023,1155,,1155,,,
,2024,610,,610,,,
Romania,,,,,,,Romania
,2015,1180,,1180,,,
,2016,1360,,1360,,,
,2017,980,,980,,,
,2018,810,,810,,,
,2019,675,,675,,,
,2020,325,,325,,,
,2021,605,,605,,,
,2022,480,,480,,,
,2023,465,,465,,,
,2024,245,,245,,,
"Somalia, Democratic Republic of",,,,,,,"Somalia, Democratic Republic of"
,2015,1160,,1160,,,
,2016,1315,,1315,,,
,2017,1390,,1390,,,
,2018,2145,,2145,,,
,2019,3275,,3275,,,
,2020,1010,,1010,,,
,2021,2075,,2075,,,
,2022,2940,,2940,,,
,2023,5170,,5170,,,
,2024,2930,,2930,,,
Jordan,,,,,,,Jordan
,2015,1115,,1115,,,
,2016,920,,920,,,
,2017,790,,790,,,
,2018,985,,985,,,
,2019,1005,,1005,,,
,2020,535,,535,,,
,2021,950,,950,,,
,2022,1140,,1140,,,
,2023,1265,,1265,,,
,2024,760,,760,,,
Stateless,,,,,,,Stateless
,2015,1040,,1040,,,
,2016,835,,835,,,
,2017,935,,935,,,
,2018,895,,895,,,
,2019,1010,,1010,,,
,2020,525,,525,,,
,2021,1110,,1110,,,
,2022,915,,915,,,
,2023,1080,,1080,,,
,2024,880,,880,,,
Japan,,,,,,,Japan
,2015,995,,995,,,
,2016,1035,,1035,,,
,2017,1085,,1085,,,
,2018,1035,,1035,,,
,2019,1115,,1115,,,
,2020,615,,615,,,
,2021,1405,,1405,,,
,2022,885,,885,,,
,2023,1015,,1015,,,
,2024,600,,600,,,
Poland,,,,,,,Poland
,2015,975,,975,,,
,2016,1000,,1000,,,
,2017,995,,995,,,
,2018,905,,905,,,
,2019,905,,905,,,
,2020,415,,415,,,
,2021,680,,680,,,
,2022,510,,510,,,
,2023,540,,540,,,
,2024,275,,275,,,
Burundi,,,,,,,Burundi
,2015,945,,945,,,
,2016,635,,635,,,
,2017,805,,805,,,
,2018,1090,,1090,,,
,2019,1560,,1560,,,
,2020,805,,805,,,
,2021,1265,,1265,,,
,2022,1580,,1580,,,
,2023,1030,,1030,,,
,2024,795,,795,,,
"South Africa, Republic of",,,,,,,"South Africa, Republic of"
,2015,945,,945,,,
,2016,1070,,1070,,,
,2017,1555,,1555,,,
,2018,1820,,1820,,,
,2019,1790,,1790,,,
,2020,1125,,1125,,,
,2021,1620,,1620,,,
,2022,1745,,1745,,,
,2023,2065,,2065,,,
,2024,1095,,1095,,,
Moldova,,,,,,,Moldova
,2015,925,,925,,,
,2016,1090,,1090,,,
,2017,680,,680,,,
,2018,405,,405,,,
,2019,275,,275,,,
,2020,180,,180,,,
,2021,235,,235,,,
,2022,220,,220,,,
,2023,140,,140,,,
,2024,65,,65,,,
Venezuela,,,,,,,Venezuela
,2015,915,,915,,,
,2016,1010,,1010,,,
,2017,1010,,1010,,,
,2018,1525,,1525,,,
,2019,1580,,1580,,,
,2020,1055,,1055,,,
,2021,2625,,2625,,,
,2022,1545,,1545,,,
,2023,1390,,1390,,,
,2024,1940,,1940,,,
Hong Kong SAR,,,,,,,Hong Kong SAR
,2015,895,,895,,,
,2016,1360,,1360,,,
,2017,1360,,1360,,,
,2018,1525,,1525,,,
,2019,1540,,1540,,,
,2020,1045,,1045,,,
,2021,2295,,2295,,,
,2022,3710,,3710,,,
,2023,7535,,7535,,,
,2024,2905,,2905,,,
Italy,,,,,,,Italy
,2015,880,,880,,,
,2016,1000,,1000,,,
,2017,1065,,1065,,,
,2018,1180,,1180,,,
,2019,1410,,1410,,,
,2020,760,,760,,,
,2021,1720,,1720,,,
,2022,1095,,1095,,,
,2023,1210,,1210,,,
,2024,560,,560,,,
Turkey,,,,,,,Turkey
,2015,870,,870,,,
,2016,920,,920,,,
,2017,1110,,1110,,,
,2018,2080,,2080,,,
,2019,2830,,2830,,,
,2020,2120,,2120,,,
,2021,4625,,4625,,,
,2022,2420,,2420,,,
,2023,2070,,2070,,,
,2024,1540,,1540,,,
Portugal,,,,,,,Portugal
,2015,830,,830,,,
,2016,855,,855,,,
,2017,790,,790,,,
,2018,865,,865,,,
,2019,855,,855,,,
,2020,550,,550,,,
,2021,890,,890,,,
,2022,875,,875,,,
,2023,1005,,1005,,,
,2024,425,,425,,,
Cuba,,,,,,,Cuba
,2015,825,,825,,,
,2016,1115,,1115,,,
,2017,880,,880,,,
,2018,780,,780,,,
,2019,595,,595,,,
,2020,410,,410,,,
,2021,680,,680,,,
,2022,825,,825,,,
,2023,1040,,1040,,,
,2024,485,,485,,,
Hungary,,,,,,,Hungary
,2015,760,,760,,,
,2016,520,,520,,,
,2017,690,,690,,,
,2018,750,,750,,,
,2019,800,,800,,,
,2020,600,,600,,,
,2021,740,,740,,,
,2022,425,,425,,,
,2023,370,,370,,,
,2024,215,,215,,,
Spain,,,,,,,Spain
,2015,730,,730,,,
,2016,650,,650,,,
,2017,675,,675,,,
,2018,720,,720,,,
,2019,660,,660,,,
,2020,395,,395,,,
,2021,920,,920,,,
,2022,580,,580,,,
,2023,655,,655,,,
,2024,370,,370,,,
Mauritius,,,,,,,Mauritius
,2015,715,,715,,,
,2016,550,,550,,,
,2017,725,,725,,,
,2018,560,,560,,,
,2019,795,,795,,,
,2020,420,,420,,,
,2021,690,,690,,,
,2022,1020,,1020,,,
,2023,1155,,1155,,,
,2024,1060,,1060,,,
El Salvador,,,,,,,El Salvador
,2015,660,,660,,,
,2016,625,,625,,,
,2017,720,,720,,,
,2018,680,,680,,,
,2019,735,,735,,,
,2020,465,,465,,,
,2021,850,,850,,,
,2022,645,,645,,,
,2023,555,,555,,,
,2024,325,,325,,,
Senegal,,,,,,,Senegal
,2015,645,,645,,,
,2016,600,,600,,,
,2017,515,,515,,,
,2018,590,,590,,,
,2019,485,,485,,,
,2020,280,,280,,,
,2021,675,,675,,,
,2022,1015,,1015,,,
,2023,930,,930,,,
,2024,675,,675,,,
Taiwan,,,,,,,Taiwan
,2015,625,,625,,,
,2016,790,,790,,,
,2017,795,,795,,,
,2018,955,,955,,,
,2019,1015,,1015,,,
,2020,575,,575,,,
,2021,1250,,1250,,,
,2022,1035,,1035,,,
,2023,1075,,1075,,,
,2024,805,,805,,,
"Serbia, Republic of",,,,,,,"Serbia, Republic of"
,2015,620,,620,,,
,2016,480,,480,,,
,2017,370,,370,,,
,2018,500,,500,,,
,2019,545,,545,,,
,2020,210,,210,,,
,2021,390,,390,,,
,2022,360,,360,,,
,2023,280,,280,,,
,2024,140,,140,,,
Dominican Republic,,,,,,,Dominican Republic
,2015,600,,600,,,
,2016,605,,605,,,
,2017,655,,655,,,
,2018,780,,780,,,
,2019,660,,660,,,
,2020,395,,395,,,
,2021,955,,955,,,
,2022,895,,895,,,
,2023,735,,735,,,
,2024,455,,455,,,
Peru,,,,,,,Peru
,2015,555,,555,,,
,2016,440,,440,,,
,2017,420,,420,,,
,2018,545,,545,,,
,2019,500,,500,,,
,2020,260,,260,,,
,2021,670,,670,,,
,2022,665,,665,,,
,2023,750,,750,,,
,2024,620,,620,,,
"Netherlands, The",,,,,,,"Netherlands, The"
,2015,540,,540,,,
,2016,520,,520,,,
,2017,495,,495,,,
,2018,530,,530,,,
,2019,560,,560,,,
,2020,305,,305,,,
,2021,510,,510,,,
,2022,395,,395,,,
,2023,435,,435,,,
,2024,260,,260,,,
Guyana,,,,,,,Guyana
,2015,540,,540,,,
,2016,510,,510,,,
,2017,430,,430,,,
,2018,420,,420,,,
,2019,410,,410,,,
,2020,220,,220,,,
,2021,485,,485,,,
,2022,445,,445,,,
,2023,465,,465,,,
,2024,220,,220,,,
Croatia,,,,,,,Croatia
,2015,505,,505,,,
,2016,630,,630,,,
,2017,580,,580,,,
,2018,535,,535,,,
,2019,430,,430,,,
,2020,220,,220,,,
,2021,255,,255,,,
,2022,185,,185,,,
,2023,150,,150,,,
,2024,75,,75,,,
St. Vincent and the Grenadines,,,,,,,St. Vincent and the Grenadines
,2015,485,,485,,,
,2016,425,,425,,,
,2017,475,,475,,,
,2018,360,,360,,,
,2019,330,,330,,,
,2020,170,,170,,,
,2021,270,,270,,,
,2022,250,,250,,,
,2023,235,,235,,,
,2024,120,,120,,,
Greece,,,,,,,Greece
,2015,480,,480,,,
,2016,430,,430,,,
,2017,405,,405,,,
,2018,415,,415,,,
,2019,410,,410,,,
,2020,245,,245,,,
,2021,415,,415,,,
,2022,260,,260,,,
,2023,310,,310,,,
,2024,170,,170,,,
Thailand,,,,,,,Thailand
,2015,480,,480,,,
,2016,460,,460,,,
,2017,600,,600,,,
,2018,535,,535,,,
,2019,480,,480,,,
,2020,290,,290,,,
,2021,440,,440,,,
,2022,385,,385,,,
,2023,485,,485,,,
,2024,385,,385,,,
Central African Republic,,,,,,,Central African Republic
,2015,460,,460,,,
,2016,100,,100,,,
,2017,230,,230,,,
,2018,240,,240,,,
,2019,380,,380,,,
,2020,110,,110,,,
,2021,110,,110,,,
,2022,895,,895,,,
,2023,350,,350,,,
,2024,135,,135,,,
Myanmar (Burma),,,,,,,Myanmar (Burma)
,2015,440,,440,,,
,2016,425,,425,,,
,2017,180,,180,,,
,2018,185,,185,,,
,2019,210,,210,,,
,2020,60,,60,,,
,2021,125,,125,,,
,2022,190,,190,,,
,2023,260,,260,,,
,2024,225,,225,,,
St. Lucia,,,,,,,St. Lucia
,2015,440,,440,,,
,2016,330,,330,,,
,2017,385,,385,,,
,2018,320,,320,,,
,2019,280,,280,,,
,2020,160,,160,,,
,2021,205,,205,,,
,2022,180,,180,,,
,2023,195,,195,,,
,2024,100,,100,,,
Honduras,,,,,,,Honduras
,2015,420,,420,,,
,2016,360,,360,,,
,2017,380,,380,,,
,2018,385,,385,,,
,2019,320,,320,,,
,2020,205,,205,,,
,2021,415,,415,,,
,2022,375,,375,,,
,2023,430,,430,,,
,2024,250,,250,,,
Bhutan,,,,,,,Bhutan
,2015,410,,410,,,
,2016,120,,120,,,
,2017,65,,65,,,
,2018,25,,25,,,
,2019,15,,15,,,
,2020,0,,0,,,
,2021,20,,20,,,
,2022,20,,20,,,
,2023,50,,50,,,
,2024,20,,20,,,
Palestinian Authority (Gaza/West Bank),,,,,,,Palestinian Authority (Gaza/West Bank)
,2015,400,,400,,,
,2016,405,,405,,,
,2017,320,,320,,,
,2018,455,,455,,,
,2019,580,,580,,,
,2020,480,,480,,,
,2021,985,,985,,,
,2022,865,,865,,,
,2023,725,,725,,,
,2024,465,,465,,,
Kenya,,,,,,,Kenya
,2015,380,,380,,,
,2016,475,,475,,,
,2017,465,,465,,,
,2018,470,,470,,,
,2019,515,,515,,,
,2020,305,,305,,,
,2021,825,,825,,,
,2022,985,,985,,,
,2023,1230,,1230,,,
,2024,710,,710,,,
"Indonesia, Republic of",,,,,,,"Indonesia, Republic of"
,2015,375,,375,,,
,2016,445,,445,,,
,2017,500,,500,,,
,2018,445,,445,,,
,2019,510,,510,,,
,2020,300,,300,,,
,2021,605,,605,,,
,2022,475,,475,,,
,2023,630,,630,,,
,2024,325,,325,,,
Belgium,,,,,,,Belgium
,2015,370,,370,,,
,2016,460,,460,,,
,2017,510,,510,,,
,2018,410,,410,,,
,2019,465,,465,,,
,2020,340,,340,,,
,2021,570,,570,,,
,2022,610,,610,,,
,2023,545,,545,,,
,2024,255,,255,,,
Bulgaria,,,,,,,Bulgaria
,2015,365,,365,,,
,2016,370,,370,,,
,2017,300,,300,,,
,2018,180,,180,,,
,2019,165,,165,,,
,2020,100,,100,,,
,2021,175,,175,,,
,2022,145,,145,,,
,2023,135,,135,,,
,2024,65,,65,,,
Ghana,,,,,,,Ghana
,2015,365,,365,,,
,2016,480,,480,,,
,2017,685,,685,,,
,2018,895,,895,,,
,2019,1025,,1025,,,
,2020,545,,545,,,
,2021,1055,,1055,,,
,2022,1240,,1240,,,
,2023,1645,,1645,,,
,2024,955,,955,,,
Rwanda,,,,,,,Rwanda
,2015,360,,360,,,
,2016,370,,370,,,
,2017,355,,355,,,
,2018,460,,460,,,
,2019,545,,545,,,
,2020,295,,295,,,
,2021,725,,725,,,
,2022,1030,,1030,,,
,2023,1005,,1005,,,
,2024,770,,770,,,
"Trinidad and Tobago, Republic of",,,,,,,"Trinidad and Tobago, Republic of"
,2015,345,,345,,,
,2016,320,,320,,,
,2017,375,,375,,,
,2018,510,,510,,,
,2019,590,,590,,,
,2020,295,,295,,,
,2021,490,,490,,,
,2022,515,,515,,,
,2023,535,,535,,,
,2024,300,,300,,,
"Sudan, Democratic Republic of",,,,,,,"Sudan, Democratic Republic of"
,2015,335,,335,,,
,2016,440,,440,,,
,2017,425,,425,,,
,2018,715,,715,,,
,2019,1255,,1255,,,
,2020,845,,845,,,
,2021,1745,,1745,,,
,2022,1575,,1575,,,
,2023,2010,,2010,,,
,2024,1050,,1050,,,
New Zealand,,,,,,,New Zealand
,2015,335,,335,,,
,2016,495,,495,,,
,2017,410,,410,,,
,2018,445,,445,,,
,2019,600,,600,,,
,2020,390,,390,,,
,2021,770,,770,,,
,2022,405,,405,,,
,2023,405,,405,,,
,2024,265,,265,,,
Malaysia,,,,,,,Malaysia
,2015,330,,330,,,
,2016,360,,360,,,
,2017,360,,360,,,
,2018,430,,430,,,
,2019,365,,365,,,
,2020,230,,230,,,
,2021,405,,405,,,
,2022,300,,300,,,
,2023,380,,380,,,
,2024,250,,250,,,
Kazakhstan,,,,,,,Kazakhstan
,2015,330,,330,,,
,2016,400,,400,,,
,2017,335,,335,,,
,2018,410,,410,,,
,2019,400,,400,,,
,2020,290,,290,,,
,2021,465,,465,,,
,2022,450,,450,,,
,2023,485,,485,,,
,2024,265,,265,,,
Armenia,,,,,,,Armenia
,2015,305,,305,,,
,2016,350,,350,,,
,2017,255,,255,,,
,2018,205,,205,,,
,2019,205,,205,,,
,2020,105,,105,,,
,2021,95,,95,,,
,2022,140,,140,,,
,2023,240,,240,,,
,2024,125,,125,,,
Czech Republic,,,,,,,Czech Republic
,2015,280,,280,,,
,2016,325,,325,,,
,2017,315,,315,,,
,2018,400,,400,,,
,2019,375,,375,,,
,2020,205,,205,,,
,2021,355,,355,,,
,2022,185,,185,,,
,2023,215,,215,,,
,2024,120,,120,,,
"Togo, Republic of",,,,,,,"Togo, Republic of"
,2015,265,,265,,,
,2016,245,,245,,,
,2017,205,,205,,,
,2018,345,,345,,,
,2019,415,,415,,,
,2020,240,,240,,,
,2021,325,,325,,,
,2022,560,,560,,,
,2023,675,,675,,,
,2024,610,,610,,,
Chile,,,,,,,Chile
,2015,260,,260,,,
,2016,250,,250,,,
,2017,310,,310,,,
,2018,370,,370,,,
,2019,455,,455,,,
,2020,305,,305,,,
,2021,770,,770,,,
,2022,600,,600,,,
,2023,745,,745,,,
,2024,570,,570,,,
"Benin, Republic of",,,,,,,"Benin, Republic of"
,2015,260,,260,,,
,2016,300,,300,,,
,2017,195,,195,,,
,2018,485,,485,,,
,2019,335,,335,,,
,2020,230,,230,,,
,2021,345,,345,,,
,2022,650,,650,,,
,2023,690,,690,,,
,2024,475,,475,,,
Singapore,,,,,,,Singapore
,2015,255,,255,,,
,2016,265,,265,,,
,2017,325,,325,,,
,2018,345,,345,,,
,2019,315,,315,,,
,2020,175,,175,,,
,2021,225,,225,,,
,2022,295,,295,,,
,2023,280,,280,,,
,2024,150,,150,,,
"Guinea, Republic of",,,,,,,"Guinea, Republic of"
,2015,245,,245,,,
,2016,410,,410,,,
,2017,380,,380,,,
,2018,350,,350,,,
,2019,320,,320,,,
,2020,200,,200,,,
,2021,395,,395,,,
,2022,525,,525,,,
,2023,520,,520,,,
